,source,estimate,pvals,log10_pval
1,KEGG_ACUTE_MYELOID_LEUKEMIA,1.3459508,0.04508677,1.3459508
2,KEGG_ADHERENS_JUNCTION,1.0839992,0.08241397,1.0839992
3,KEGG_ADIPOCYTOKINE_SIGNALING_PATHWAY,0.36932832,0.42723978,0.36932832
4,KEGG_ALANINE_ASPARTATE_AND_GLUTAMATE_METABOLISM,1.4574388,0.03487877,1.4574388
5,KEGG_ALDOSTERONE_REGULATED_SODIUM_REABSORPTION,2.0185285,0.009582341,2.0185285
7,KEGG_AMINO_SUGAR_AND_NUCLEOTIDE_SUGAR_METABOLISM,0.4363606,0.36613345,0.4363606
8,KEGG_AMYOTROPHIC_LATERAL_SCLEROSIS_ALS,0.9838195,0.10379597,0.9838195
9,KEGG_ANTIGEN_PROCESSING_AND_PRESENTATION,2.7832685,0.001647144,2.7832685
10,KEGG_APOPTOSIS,1.4171526,0.038269024,1.4171526
11,KEGG_ARACHIDONIC_ACID_METABOLISM,0.7893312,0.16243096,0.7893312
12,KEGG_ARGININE_AND_PROLINE_METABOLISM,2.5596807,0.002756254,2.5596807
13,KEGG_ARRHYTHMOGENIC_RIGHT_VENTRICULAR_CARDIOMYOPATHY_ARVC,0.86327815,0.13700041,0.86327815
16,KEGG_BASAL_TRANSCRIPTION_FACTORS,1.8893334,0.012902285,1.8893334
17,KEGG_BASE_EXCISION_REPAIR,0.47731784,0.33318248,0.47731784
18,KEGG_BETA_ALANINE_METABOLISM,1.3920043,0.040550455,1.3920043
20,KEGG_BLADDER_CANCER,0.4363606,0.36613345,0.4363606
21,KEGG_BUTANOATE_METABOLISM,1.0934682,0.08063654,1.0934682
22,KEGG_B_CELL_RECEPTOR_SIGNALING_PATHWAY,4.756237,1.752924e-05,4.756237
23,KEGG_CARDIAC_MUSCLE_CONTRACTION,4.0631886,8.645921e-05,4.0631886
24,KEGG_CHRONIC_MYELOID_LEUKEMIA,2.5633483,0.002733076,2.5633483
26,KEGG_CITRATE_CYCLE_TCA_CYCLE,1.2770948,0.05283299,1.2770948
27,KEGG_COLORECTAL_CANCER,3.9083009,0.00012350918,3.9083009
28,KEGG_CYSTEINE_AND_METHIONINE_METABOLISM,2.1659677,0.0068238927,2.1659677
29,KEGG_CYTOSOLIC_DNA_SENSING_PATHWAY,0.61415786,0.24313201,0.61415786
30,KEGG_DILATED_CARDIOMYOPATHY,0.74200344,0.18113258,0.74200344
31,KEGG_DNA_REPLICATION,0.50021476,0.31607142,0.50021476
32,KEGG_DORSO_VENTRAL_AXIS_FORMATION,0.65030456,0.22371517,0.65030456
33,KEGG_DRUG_METABOLISM_CYTOCHROME_P450,1.8012038,0.01580506,1.8012038
34,KEGG_DRUG_METABOLISM_OTHER_ENZYMES,0.58159244,0.26206413,0.58159244
36,KEGG_ENDOMETRIAL_CANCER,1.2801493,0.0524627,1.2801493
37,KEGG_EPITHELIAL_CELL_SIGNALING_IN_HELICOBACTER_PYLORI_INFECTION,2.1479602,0.007112789,2.1479602
38,KEGG_ERBB_SIGNALING_PATHWAY,1.4714985,0.0337677,1.4714985
39,KEGG_ETHER_LIPID_METABOLISM,0.69079316,0.20380124,0.69079316
40,KEGG_FATTY_ACID_METABOLISM,0.38453624,0.4125378,0.38453624
41,KEGG_FC_EPSILON_RI_SIGNALING_PATHWAY,1.4171526,0.038269024,1.4171526
42,KEGG_FC_GAMMA_R_MEDIATED_PHAGOCYTOSIS,3.1813014,0.00065871654,3.1813014
45,KEGG_GAP_JUNCTION,1.8369911,0.014554889,1.8369911
46,KEGG_GLIOMA,1.9607499,0.010945867,1.9607499
47,KEGG_GLUTATHIONE_METABOLISM,3.751471,0.00017722658,3.751471
48,KEGG_GLYCEROLIPID_METABOLISM,0.4363606,0.36613345,0.4363606
51,KEGG_GLYCOLYSIS_GLUCONEOGENESIS,0.74200344,0.18113258,0.74200344
59,KEGG_GNRH_SIGNALING_PATHWAY,3.755207,0.00017570858,3.755207
61,KEGG_HISTIDINE_METABOLISM,0.65030456,0.22371517,0.65030456
62,KEGG_HOMOLOGOUS_RECOMBINATION,1.5294882,0.029546894,1.5294882
63,KEGG_HYPERTROPHIC_CARDIOMYOPATHY_HCM,0.7872617,0.16320682,0.7872617
65,KEGG_LEISHMANIA_INFECTION,1.8893334,0.012902285,1.8893334
66,KEGG_LIMONENE_AND_PINENE_DEGRADATION,0.7893312,0.16243096,0.7893312
67,KEGG_LONG_TERM_DEPRESSION,1.5358372,0.029118085,1.5358372
68,KEGG_LONG_TERM_POTENTIATION,3.479584,0.00033144845,3.479584
69,KEGG_LYSINE_DEGRADATION,0.7641411,0.17213094,0.7641411
70,KEGG_MELANOMA,1.4550161,0.035073888,1.4550161
71,KEGG_METABOLISM_OF_XENOBIOTICS_BY_CYTOCHROME_P450,1.8012038,0.01580506,1.8012038
72,KEGG_MISMATCH_REPAIR,0.69079316,0.20380124,0.69079316
73,KEGG_MTOR_SIGNALING_PATHWAY,0.27378085,0.5323768,0.27378085
75,KEGG_NOD_LIKE_RECEPTOR_SIGNALING_PATHWAY,0.41794306,0.38199437,0.41794306
77,KEGG_NON_SMALL_CELL_LUNG_CANCER,1.4550161,0.035073888,1.4550161
78,KEGG_NOTCH_SIGNALING_PATHWAY,0.38453624,0.4125378,0.38453624
79,KEGG_NUCLEOTIDE_EXCISION_REPAIR,0.3286616,0.46917883,0.3286616
80,KEGG_N_GLYCAN_BIOSYNTHESIS,1.6719366,0.021284498,1.6719366
84,KEGG_P53_SIGNALING_PATHWAY,0.27378085,0.5323768,0.27378085
85,KEGG_PANCREATIC_CANCER,2.1479602,0.007112789,2.1479602
87,KEGG_PATHOGENIC_ESCHERICHIA_COLI_INFECTION,5.5936637,2.5488032e-06,5.5936637
88,KEGG_PENTOSE_PHOSPHATE_PATHWAY,0.47731784,0.33318248,0.47731784
89,KEGG_PEROXISOME,0.2021731,0.6278081,0.2021731
90,KEGG_PHOSPHATIDYLINOSITOL_SIGNALING_SYSTEM,1.4945356,0.032023177,1.4945356
94,KEGG_PRION_DISEASES,2.0896838,0.008134226,2.0896838
95,KEGG_PROGESTERONE_MEDIATED_OOCYTE_MATURATION,1.1092322,0.077762075,1.1092322
96,KEGG_PROPANOATE_METABOLISM,0.9838195,0.10379597,0.9838195
97,KEGG_PROSTATE_CANCER,3.1267743,0.0007468366,3.1267743
98,KEGG_PROTEASOME,21.859167,1.3830346e-22,21.859167
99,KEGG_PROTEIN_EXPORT,3.2572465,0.0005530361,3.2572465
100,KEGG_PROXIMAL_TUBULE_BICARBONATE_RECLAMATION,0.7366539,0.1833775,0.7366539
101,KEGG_PYRIMIDINE_METABOLISM,3.476877,0.0003335209,3.476877
102,KEGG_PYRUVATE_METABOLISM,0.40070742,0.3974592,0.40070742
104,KEGG_RENAL_CELL_CARCINOMA,2.3755674,0.00421146,2.3755674
105,KEGG_RIBOFLAVIN_METABOLISM,0.7366539,0.1833775,0.7366539
106,KEGG_RIBOSOME,0.06287643,0.86521405,0.06287643
107,KEGG_RIG_I_LIKE_RECEPTOR_SIGNALING_PATHWAY,1.9519101,0.011170944,1.9519101
108,KEGG_RNA_DEGRADATION,0.23057549,0.5880639,0.23057549
109,KEGG_RNA_POLYMERASE,2.0896838,0.008134226,2.0896838
110,KEGG_SELENOAMINO_ACID_METABOLISM,1.5294882,0.029546894,1.5294882
111,KEGG_SMALL_CELL_LUNG_CANCER,0.74200344,0.18113258,0.74200344
115,KEGG_STEROID_BIOSYNTHESIS,0.5520306,0.2805236,0.5520306
118,KEGG_TAURINE_AND_HYPOTAURINE_METABOLISM,0.9247611,0.11891562,0.9247611
120,KEGG_TGF_BETA_SIGNALING_PATHWAY,0.70042497,0.19933109,0.70042497
121,KEGG_THYROID_CANCER,0.5520306,0.2805236,0.5520306
122,KEGG_TRYPTOPHAN_METABOLISM,0.52502334,0.2985222,0.52502334
123,KEGG_TYPE_II_DIABETES_MELLITUS,0.41794306,0.38199437,0.41794306
124,KEGG_TYPE_I_DIABETES_MELLITUS,0.7366539,0.1833775,0.7366539
125,KEGG_TYROSINE_METABOLISM,0.7366539,0.1833775,0.7366539
126,KEGG_VALINE_LEUCINE_AND_ISOLEUCINE_BIOSYNTHESIS,0.85094035,0.14094824,0.85094035
127,KEGG_VALINE_LEUCINE_AND_ISOLEUCINE_DEGRADATION,0.7641411,0.17213094,0.7641411
128,KEGG_VASOPRESSIN_REGULATED_WATER_REABSORPTION,1.0182391,0.095887244,1.0182391
129,KEGG_VEGF_SIGNALING_PATHWAY,2.2530775,0.005583707,2.2530775
130,KEGG_VIBRIO_CHOLERAE_INFECTION,1.3459508,0.04508677,1.3459508
131,KEGG_VIRAL_MYOCARDITIS,2.2480972,0.005648106,2.2480972
133,REACTOME_ABC_TRANSPORTER_DISORDERS,17.670918,2.133454e-18,17.670918
134,REACTOME_ABERRANT_REGULATION_OF_MITOTIC_EXIT_IN_CANCER_DUE_TO_RB1_DEFECTS,1.2261717,0.05940572,1.2261717
136,REACTOME_ABORTIVE_ELONGATION_OF_HIV_1_TRANSCRIPT_IN_THE_ABSENCE_OF_TAT,3.9636018,0.0001087422,3.9636018
138,REACTOME_ACETYLCHOLINE_REGULATES_INSULIN_SECRETION,2.2267337,0.0059328917,2.2267337
140,REACTOME_ACTIVATED_NTRK2_SIGNALS_THROUGH_CDK5,0.85094035,0.14094824,0.85094035
141,REACTOME_ACTIVATED_NTRK2_SIGNALS_THROUGH_FRS2_AND_FRS3,0.69079316,0.20380124,0.69079316
142,REACTOME_ACTIVATED_NTRK2_SIGNALS_THROUGH_FYN,0.9247611,0.11891562,0.9247611
144,REACTOME_ACTIVATED_NTRK2_SIGNALS_THROUGH_RAS,0.7893312,0.16243096,0.7893312
145,REACTOME_ACTIVATED_NTRK3_SIGNALS_THROUGH_RAS,0.85094035,0.14094824,0.85094035
147,REACTOME_ACTIVATION_OF_AMPK_DOWNSTREAM_OF_NMDARS,2.433616,0.003684547,2.433616
148,REACTOME_ACTIVATION_OF_ANTERIOR_HOX_GENES_IN_HINDBRAIN_DEVELOPMENT_DURING_EARLY_EMBRYOGENESIS,1.8768418,0.01327878,1.8768418
150,REACTOME_ACTIVATION_OF_BAD_AND_TRANSLOCATION_TO_MITOCHONDRIA,1.5294882,0.029546894,1.5294882
151,REACTOME_ACTIVATION_OF_BH3_ONLY_PROTEINS,2.0185285,0.009582341,2.0185285
152,REACTOME_ACTIVATION_OF_GENE_EXPRESSION_BY_SREBF_SREBP,0.26433328,0.54408497,0.26433328
154,REACTOME_ACTIVATION_OF_KAINATE_RECEPTORS_UPON_GLUTAMATE_BINDING,1.2770948,0.05283299,1.2770948
156,REACTOME_ACTIVATION_OF_NMDA_RECEPTORS_AND_POSTSYNAPTIC_EVENTS,2.0235612,0.009471936,2.0235612
158,REACTOME_ACTIVATION_OF_RAC1,0.69079316,0.20380124,0.69079316
159,REACTOME_ACTIVATION_OF_RAC1_DOWNSTREAM_OF_NMDARS,2.2267337,0.0059328917,2.2267337
160,REACTOME_ACTIVATION_OF_SMO,0.85094035,0.14094824,0.85094035
161,REACTOME_ACTIVATION_OF_THE_AP_1_FAMILY_OF_TRANSCRIPTION_FACTORS,1.9189485,0.012051786,1.9189485
162,REACTOME_ACTIVATION_OF_THE_MRNA_UPON_BINDING_OF_THE_CAP_BINDING_COMPLEX_AND_EIFS_AND_SUBSEQUENT_BINDING_TO_43S,2.7838874,0.0016447981,2.7838874
164,REACTOME_ACTIVATION_OF_THE_TFAP2_AP_2_FAMILY_OF_TRANSCRIPTION_FACTORS,0.7893312,0.16243096,0.7893312
166,REACTOME_ADHERENS_JUNCTIONS_INTERACTIONS,1.0934682,0.08063654,1.0934682
167,REACTOME_ADP_SIGNALLING_THROUGH_P2Y_PURINOCEPTOR_1,1.3920043,0.040550455,1.3920043
168,REACTOME_ADP_SIGNALLING_THROUGH_P2Y_PURINOCEPTOR_12,0.52502334,0.2985222,0.52502334
169,REACTOME_ADRENALINE_NORADRENALINE_INHIBITS_INSULIN_SECRETION,0.47731784,0.33318248,0.47731784
170,REACTOME_ADVANCED_GLYCOSYLATION_ENDPRODUCT_RECEPTOR_SIGNALING,0.7893312,0.16243096,0.7893312
171,REACTOME_AFLATOXIN_ACTIVATION_AND_DETOXIFICATION,0.9247611,0.11891562,0.9247611
172,REACTOME_AGGREPHAGY,2.4925175,0.0032172333,2.4925175
173,REACTOME_AKT_PHOSPHORYLATES_TARGETS_IN_THE_CYTOSOL,0.65030456,0.22371517,0.65030456
177,REACTOME_AMINO_ACIDS_REGULATE_MTORC1,0.7207842,0.19020231,0.7207842
178,REACTOME_AMINO_ACID_TRANSPORT_ACROSS_THE_PLASMA_MEMBRANE,1.5294882,0.029546894,1.5294882
180,REACTOME_ANCHORING_OF_THE_BASAL_BODY_TO_THE_PLASMA_MEMBRANE,1.4165119,0.038325526,1.4165119
181,REACTOME_ANTIGEN_ACTIVATES_B_CELL_RECEPTOR_BCR_LEADING_TO_GENERATION_OF_SECOND_MESSENGERS,0.61415786,0.24313201,0.61415786
184,REACTOME_ANTIVIRAL_MECHANISM_BY_IFN_STIMULATED_GENES,1.0595698,0.08718267,1.0595698
185,REACTOME_APC_CDC20_MEDIATED_DEGRADATION_OF_NEK2A,1.0934682,0.08063654,1.0934682
186,REACTOME_APC_C_CDC20_MEDIATED_DEGRADATION_OF_CYCLIN_B,1.0934682,0.08063654,1.0934682
187,REACTOME_APC_C_CDH1_MEDIATED_DEGRADATION_OF_CDC20_AND_OTHER_APC_C_CDH1_TARGETED_PROTEINS_IN_LATE_MITOSIS_EARLY_G1,18.140295,7.2394377e-19,18.140295
188,REACTOME_APC_C_MEDIATED_DEGRADATION_OF_CELL_CYCLE_PROTEINS,17.022738,9.48993e-18,17.022738
191,REACTOME_APOPTOTIC_CLEAVAGE_OF_CELLULAR_PROTEINS,0.52502334,0.2985222,0.52502334
192,REACTOME_APOPTOTIC_EXECUTION_PHASE,0.38453624,0.4125378,0.38453624
193,REACTOME_APOPTOTIC_FACTOR_MEDIATED_RESPONSE,0.7366539,0.1833775,0.7366539
194,REACTOME_AQUAPORIN_MEDIATED_TRANSPORT,0.41794306,0.38199437,0.41794306
195,REACTOME_ARACHIDONIC_ACID_METABOLISM,0.69079316,0.20380124,0.69079316
196,REACTOME_ASSEMBLY_AND_CELL_SURFACE_PRESENTATION_OF_NMDA_RECEPTORS,1.0182391,0.095887244,1.0182391
198,REACTOME_ASSEMBLY_OF_THE_HIV_VIRION,1.699238,0.019987667,1.699238
199,REACTOME_ASSEMBLY_OF_THE_PRE_REPLICATIVE_COMPLEX,17.221893,5.999373e-18,17.221893
200,REACTOME_ASSOCIATION_OF_TRIC_CCT_WITH_TARGET_PROTEINS_DURING_BIOSYNTHESIS,2.866451,0.0013600315,2.866451
201,REACTOME_ASYMMETRIC_LOCALIZATION_OF_PCP_PROTEINS,17.611835,2.4443568e-18,17.611835
202,REACTOME_ATF4_ACTIVATES_GENES_IN_RESPONSE_TO_ENDOPLASMIC_RETICULUM_STRESS,1.2261717,0.05940572,1.2261717
203,REACTOME_ATF6_ATF6_ALPHA_ACTIVATES_CHAPERONES,0.65030456,0.22371517,0.65030456
204,REACTOME_ATF6_ATF6_ALPHA_ACTIVATES_CHAPERONE_GENES,0.7366539,0.1833775,0.7366539
205,REACTOME_ATTENUATION_PHASE,5.3121758,4.87331e-06,5.3121758
206,REACTOME_AUF1_HNRNP_D0_BINDS_AND_DESTABILIZES_MRNA,20.287027,5.1638305e-21,20.287027
207,REACTOME_AURKA_ACTIVATION_BY_TPX2,1.8369911,0.014554889,1.8369911
208,REACTOME_A_TETRASACCHARIDE_LINKER_SEQUENCE_IS_REQUIRED_FOR_GAG_SYNTHESIS,0.5520306,0.2805236,0.5520306
209,REACTOME_BASE_EXCISION_REPAIR,0.86327815,0.13700041,0.86327815
210,REACTOME_BASE_EXCISION_REPAIR_AP_SITE_FORMATION,1.4574388,0.03487877,1.4574388
211,REACTOME_BASIGIN_INTERACTIONS,1.4574388,0.03487877,1.4574388
212,REACTOME_BBSOME_MEDIATED_CARGO_TARGETING_TO_CILIUM,2.5394802,0.0028874855,2.5394802
213,REACTOME_BETA_CATENIN_PHOSPHORYLATION_CASCADE,0.52502334,0.2985222,0.52502334
214,REACTOME_BETA_OXIDATION_OF_DECANOYL_COA_TO_OCTANOYL_COA_COA,0.85094035,0.14094824,0.85094035
215,REACTOME_BETA_OXIDATION_OF_OCTANOYL_COA_TO_HEXANOYL_COA,0.9247611,0.11891562,0.9247611
218,REACTOME_BH3_ONLY_PROTEINS_ASSOCIATE_WITH_AND_INACTIVATE_ANTI_APOPTOTIC_BCL_2_MEMBERS,0.9247611,0.11891562,0.9247611
220,REACTOME_BINDING_AND_UPTAKE_OF_LIGANDS_BY_SCAVENGER_RECEPTORS,0.69079316,0.20380124,0.69079316
221,REACTOME_BIOSYNTHESIS_OF_THE_N_GLYCAN_PRECURSOR_DOLICHOL_LIPID_LINKED_OLIGOSACCHARIDE_LLO_AND_TRANSFER_TO_A_NASCENT_PROTEIN,0.6620779,0.21773192,0.6620779
225,REACTOME_BRANCHED_CHAIN_AMINO_ACID_CATABOLISM,1.3920043,0.040550455,1.3920043
226,REACTOME_BUDDING_AND_MATURATION_OF_HIV_VIRION,1.1788671,0.06624192,1.1788671
227,REACTOME_BUTYRATE_RESPONSE_FACTOR_1_BRF1_BINDS_AND_DESTABILIZES_MRNA,0.65030456,0.22371517,0.65030456
228,REACTOME_B_WICH_COMPLEX_POSITIVELY_REGULATES_RRNA_EXPRESSION,1.332158,0.046541676,1.332158
229,REACTOME_CA2_PATHWAY,1.3808315,0.0416072,1.3808315
230,REACTOME_CALCINEURIN_ACTIVATES_NFAT,0.9247611,0.11891562,0.9247611
232,REACTOME_CAMK_IV_MEDIATED_PHOSPHORYLATION_OF_CREB,0.85094035,0.14094824,0.85094035
233,REACTOME_CARBOXYTERMINAL_POST_TRANSLATIONAL_MODIFICATIONS_OF_TUBULIN,1.1788671,0.06624192,1.1788671
234,REACTOME_CARGO_CONCENTRATION_IN_THE_ER,0.5520306,0.2805236,0.5520306
235,REACTOME_CARGO_TRAFFICKING_TO_THE_PERICILIARY_MEMBRANE,2.367422,0.004291191,2.367422
239,REACTOME_CA_DEPENDENT_EVENTS,0.47731784,0.33318248,0.47731784
240,REACTOME_CD209_DC_SIGN_SIGNALING,0.58159244,0.26206413,0.58159244
241,REACTOME_CD28_CO_STIMULATION,1.0934682,0.08063654,1.0934682
242,REACTOME_CD28_DEPENDENT_PI3K_AKT_SIGNALING,0.52502334,0.2985222,0.52502334
243,REACTOME_CD28_DEPENDENT_VAV1_PATHWAY,0.9247611,0.11891562,0.9247611
245,REACTOME_CELLULAR_RESPONSE_TO_HYPOXIA,19.310612,4.8909028e-20,19.310612
246,REACTOME_CELL_CELL_JUNCTION_ORGANIZATION,0.92041993,0.12011025,0.92041993
247,REACTOME_CELL_DEATH_SIGNALLING_VIA_NRAGE_NRIF_AND_NADE,1.2191051,0.06038024,1.2191051
248,REACTOME_CELL_EXTRACELLULAR_MATRIX_INTERACTIONS,1.9189485,0.012051786,1.9189485
249,REACTOME_CELL_JUNCTION_ORGANIZATION,0.74200344,0.18113258,0.74200344
251,REACTOME_CHAPERONE_MEDIATED_AUTOPHAGY,0.52502334,0.2985222,0.52502334
252,REACTOME_CHK1_CHK2_CDS1_MEDIATED_INACTIVATION_OF_CYCLIN_B_CDK1_COMPLEX,0.69079316,0.20380124,0.69079316
253,REACTOME_CHOLESTEROL_BIOSYNTHESIS,0.9838195,0.10379597,0.9838195
255,REACTOME_CHONDROITIN_SULFATE_DERMATAN_SULFATE_METABOLISM,0.38453624,0.4125378,0.38453624
256,REACTOME_CIRCADIAN_CLOCK,0.4949007,0.31996265,0.4949007
257,REACTOME_CITRIC_ACID_CYCLE_TCA_CYCLE,0.5520306,0.2805236,0.5520306
258,REACTOME_CLASS_B_2_SECRETIN_FAMILY_RECEPTORS,0.38453624,0.4125378,0.38453624
261,REACTOME_CLEC7A_DECTIN_1_SIGNALING,18.303308,4.973842e-19,18.303308
264,REACTOME_COHESIN_LOADING_ONTO_CHROMATIN,0.69079316,0.20380124,0.69079316
269,REACTOME_COMPLEX_I_BIOGENESIS,11.301752,4.991689e-12,11.301752
271,REACTOME_CONSTITUTIVE_SIGNALING_BY_ABERRANT_PI3K_IN_CANCER,1.1347517,0.07332436,1.1347517
272,REACTOME_CONSTITUTIVE_SIGNALING_BY_AKT1_E17K_IN_CANCER,0.4363606,0.36613345,0.4363606
273,REACTOME_CONSTITUTIVE_SIGNALING_BY_EGFRVIII,0.61415786,0.24313201,0.61415786
274,REACTOME_CONSTITUTIVE_SIGNALING_BY_LIGAND_RESPONSIVE_EGFR_CANCER_VARIANTS,0.50021476,0.31607142,0.50021476
275,REACTOME_CONSTITUTIVE_SIGNALING_BY_OVEREXPRESSED_ERBB2,0.65030456,0.22371517,0.65030456
276,REACTOME_CONVERSION_FROM_APC_C_CDC20_TO_APC_C_CDH1_IN_LATE_ANAPHASE,1.2261717,0.05940572,1.2261717
277,REACTOME_COOPERATION_OF_PDCL_PHLP1_AND_TRIC_CCT_IN_G_PROTEIN_BETA_FOLDING,3.751471,0.00017722658,3.751471
278,REACTOME_COOPERATION_OF_PREFOLDIN_AND_TRIC_CCT_IN_ACTIN_AND_TUBULIN_FOLDING,6.29913,5.0219217e-07,6.29913
279,REACTOME_COPII_MEDIATED_VESICLE_TRANSPORT,1.3459508,0.04508677,1.3459508
280,REACTOME_COPI_DEPENDENT_GOLGI_TO_ER_RETROGRADE_TRAFFIC,4.203658,6.256652e-05,4.203658
281,REACTOME_COPI_INDEPENDENT_GOLGI_TO_ER_RETROGRADE_TRAFFIC,3.9892824,0.00010249851,3.9892824
282,REACTOME_COSTIMULATION_BY_THE_CD28_FAMILY,1.4550161,0.035073888,1.4550161
283,REACTOME_CREB1_PHOSPHORYLATION_THROUGH_NMDA_RECEPTOR_MEDIATED_ACTIVATION_OF_RAS_SIGNALING,1.0934682,0.08063654,1.0934682
284,REACTOME_CREB1_PHOSPHORYLATION_THROUGH_THE_ACTIVATION_OF_ADENYLATE_CYCLASE,0.7893312,0.16243096,0.7893312
285,REACTOME_CREB1_PHOSPHORYLATION_THROUGH_THE_ACTIVATION_OF_CAMKII_CAMKK_CAMKIV_CASCASDE,0.9247611,0.11891562,0.9247611
286,REACTOME_CRISTAE_FORMATION,8.942985,1.1402893e-09,8.942985
288,REACTOME_CROSS_PRESENTATION_OF_SOLUBLE_EXOGENOUS_ANTIGENS_ENDOSOMES,19.678583,2.0961256e-20,19.678583
290,REACTOME_CTLA4_INHIBITORY_SIGNALING,0.5520306,0.2805236,0.5520306
291,REACTOME_CYCLIN_A_B1_B2_ASSOCIATED_EVENTS_DURING_G2_M_TRANSITION,0.47731784,0.33318248,0.47731784
292,REACTOME_CYCLIN_A_CDK2_ASSOCIATED_EVENTS_AT_S_PHASE_ENTRY,14.957194,1.1035851e-15,14.957194
293,REACTOME_CYCLIN_D_ASSOCIATED_EVENTS_IN_G1,0.29409125,0.5080527,0.29409125
296,REACTOME_CYTOSOLIC_IRON_SULFUR_CLUSTER_ASSEMBLY,0.7366539,0.1833775,0.7366539
297,REACTOME_CYTOSOLIC_SENSORS_OF_PATHOGEN_ASSOCIATED_DNA,1.4171526,0.038269024,1.4171526
299,REACTOME_CYTOSOLIC_TRNA_AMINOACYLATION,0.9247611,0.11891562,0.9247611
300,REACTOME_DAG_AND_IP3_SIGNALING,0.45609793,0.34986627,0.45609793
301,REACTOME_DAP12_INTERACTIONS,1.2770948,0.05283299,1.2770948
302,REACTOME_DAP12_SIGNALING,1.332158,0.046541676,1.332158
303,REACTOME_DARPP_32_EVENTS,2.336949,0.004603104,2.336949
304,REACTOME_DCC_MEDIATED_ATTRACTIVE_SIGNALING,0.7893312,0.16243096,0.7893312
305,REACTOME_DDX58_IFIH1_MEDIATED_INDUCTION_OF_INTERFERON_ALPHA_BETA,2.0984707,0.007971304,2.0984707
306,REACTOME_DEACTIVATION_OF_THE_BETA_CATENIN_TRANSACTIVATING_COMPLEX,0.31653327,0.482466,0.31653327
307,REACTOME_DEADENYLATION_DEPENDENT_MRNA_DECAY,0.24669981,0.56663084,0.24669981
308,REACTOME_DEADENYLATION_OF_MRNA,0.52502334,0.2985222,0.52502334
309,REACTOME_DECTIN_1_MEDIATED_NONCANONICAL_NF_KB_SIGNALING,17.221893,5.999373e-18,17.221893
310,REACTOME_DEFECTIVE_B4GALT7_CAUSES_EDS_PROGEROID_TYPE,0.69079316,0.20380124,0.69079316
311,REACTOME_DEFECTIVE_CFTR_CAUSES_CYSTIC_FIBROSIS,18.229862,5.890293e-19,18.229862
312,REACTOME_DEFECTIVE_EXT2_CAUSES_EXOSTOSES_2,0.9247611,0.11891562,0.9247611
315,REACTOME_DEGRADATION_OF_AXIN,17.611835,2.4443568e-18,17.611835
316,REACTOME_DEGRADATION_OF_BETA_CATENIN_BY_THE_DESTRUCTION_COMPLEX,19.44728,3.5704207e-20,19.44728
317,REACTOME_DEGRADATION_OF_DVL,19.262083,5.469116e-20,19.262083
318,REACTOME_DEGRADATION_OF_GLI1_BY_THE_PROTEASOME,18.626379,2.3638607e-19,18.626379
320,REACTOME_DEPOSITION_OF_NEW_CENPA_CONTAINING_NUCLEOSOMES_AT_THE_CENTROMERE,0.65030456,0.22371517,0.65030456
321,REACTOME_DEREGULATED_CDK5_TRIGGERS_MULTIPLE_NEURODEGENERATIVE_PATHWAYS_IN_ALZHEIMER_S_DISEASE_MODELS,2.336949,0.004603104,2.336949
322,REACTOME_DETOXIFICATION_OF_REACTIVE_OXYGEN_SPECIES,3.751471,0.00017722658,3.751471
323,REACTOME_DISASSEMBLY_OF_THE_DESTRUCTION_COMPLEX_AND_RECRUITMENT_OF_AXIN_TO_THE_MEMBRANE,0.45609793,0.34986627,0.45609793
324,REACTOME_DISEASES_ASSOCIATED_WITH_GLYCOSAMINOGLYCAN_METABOLISM,0.5520306,0.2805236,0.5520306
328,REACTOME_DISEASES_OF_CARBOHYDRATE_METABOLISM,0.47731784,0.33318248,0.47731784
329,REACTOME_DISEASES_OF_IMMUNE_SYSTEM,0.9247611,0.11891562,0.9247611
330,REACTOME_DISEASES_OF_MITOTIC_CELL_CYCLE,0.8911321,0.12848957,0.8911321
331,REACTOME_DISEASES_OF_PROGRAMMED_CELL_DEATH,2.5596807,0.002756254,2.5596807
332,REACTOME_DISPLACEMENT_OF_DNA_GLYCOSYLASE_BY_APEX1,0.7893312,0.16243096,0.7893312
333,REACTOME_DNA_DAMAGE_BYPASS,0.83674616,0.145631,0.83674616
334,REACTOME_DNA_DAMAGE_RECOGNITION_IN_GG_NER,2.9573576,0.00110317,2.9573576
336,REACTOME_DNA_DAMAGE_TELOMERE_STRESS_INDUCED_SENESCENCE,1.9519101,0.011170944,1.9519101
337,REACTOME_DNA_DOUBLE_STRAND_BREAK_RESPONSE,2.1994476,0.006317603,2.1994476
338,REACTOME_DNA_REPLICATION_PRE_INITIATION,16.163399,6.8643735e-17,16.163399
342,REACTOME_DOWNREGULATION_OF_ERBB2_SIGNALING,0.4363606,0.36613345,0.4363606
345,REACTOME_DOWNREGULATION_OF_TGF_BETA_RECEPTOR_SIGNALING,2.9547656,0.0011097735,2.9547656
346,REACTOME_DOWNSTREAM_SIGNALING_EVENTS_OF_B_CELL_RECEPTOR_BCR,18.961233,1.093367e-19,18.961233
347,REACTOME_DOWNSTREAM_SIGNALING_OF_ACTIVATED_FGFR1,0.50021476,0.31607142,0.50021476
348,REACTOME_DOWNSTREAM_SIGNALING_OF_ACTIVATED_FGFR2,0.58159244,0.26206413,0.58159244
349,REACTOME_DOWNSTREAM_SIGNALING_OF_ACTIVATED_FGFR3,0.58159244,0.26206413,0.58159244
350,REACTOME_DOWNSTREAM_SIGNALING_OF_ACTIVATED_FGFR4,0.58159244,0.26206413,0.58159244
351,REACTOME_DOWNSTREAM_SIGNAL_TRANSDUCTION,0.45609793,0.34986627,0.45609793
352,REACTOME_DUAL_INCISION_IN_GG_NER,0.34146273,0.45555127,0.34146273
353,REACTOME_DUAL_INCISION_IN_TC_NER,1.5909102,0.025650144,1.5909102
354,REACTOME_E2F_MEDIATED_REGULATION_OF_DNA_REPLICATION,0.61415786,0.24313201,0.61415786
355,REACTOME_E3_UBIQUITIN_LIGASES_UBIQUITINATE_TARGET_PROTEINS,0.6808724,0.20851035,0.6808724
360,REACTOME_EGFR_TRANSACTIVATION_BY_GASTRIN,0.85094035,0.14094824,0.85094035
364,REACTOME_ENDOSOMAL_SORTING_COMPLEX_REQUIRED_FOR_TRANSPORT_ESCRT,3.8544767,0.00013980523,3.8544767
365,REACTOME_ENERGY_DEPENDENT_REGULATION_OF_MTOR_BY_LKB1_AMPK,0.38453624,0.4125378,0.38453624
366,REACTOME_ENOS_ACTIVATION,0.7893312,0.16243096,0.7893312
367,REACTOME_EPHA_MEDIATED_GROWTH_CONE_COLLAPSE,0.5520306,0.2805236,0.5520306
368,REACTOME_EPHB_MEDIATED_FORWARD_SIGNALING,3.233217,0.0005844979,3.233217
369,REACTOME_EPHRIN_SIGNALING,0.5520306,0.2805236,0.5520306
370,REACTOME_EPH_EPHRIN_MEDIATED_REPULSION_OF_CELLS,2.9573576,0.00110317,2.9573576
371,REACTOME_EPH_EPHRIN_SIGNALING,3.2798357,0.0005250061,3.2798357
373,REACTOME_ERKS_ARE_INACTIVATED,0.65030456,0.22371517,0.65030456
374,REACTOME_ERK_MAPK_TARGETS,0.47731784,0.33318248,0.47731784
375,REACTOME_ERYTHROPOIETIN_ACTIVATES_RAS,0.7366539,0.1833775,0.7366539
377,REACTOME_ESTABLISHMENT_OF_SISTER_CHROMATID_COHESION,0.7366539,0.1833775,0.7366539
378,REACTOME_ESTROGEN_DEPENDENT_NUCLEAR_EVENTS_DOWNSTREAM_OF_ESR_MEMBRANE_SIGNALING,0.58159244,0.26206413,0.58159244
379,REACTOME_ESTROGEN_STIMULATED_SIGNALING_THROUGH_PRKCZ,0.9247611,0.11891562,0.9247611
380,REACTOME_EUKARYOTIC_TRANSLATION_ELONGATION,0.05638379,0.87824607,0.05638379
381,REACTOME_EXPORT_OF_VIRAL_RIBONUCLEOPROTEINS_FROM_NUCLEUS,0.41794306,0.38199437,0.41794306
382,REACTOME_EXTENSION_OF_TELOMERES,0.36932832,0.42723978,0.36932832
383,REACTOME_EXTRA_NUCLEAR_ESTROGEN_SIGNALING,2.5142214,0.0030604023,2.5142214
385,REACTOME_FATTY_ACYL_COA_BIOSYNTHESIS,0.52502334,0.2985222,0.52502334
386,REACTOME_FCERI_MEDIATED_CA_2_MOBILIZATION,0.69079316,0.20380124,0.69079316
387,REACTOME_FCERI_MEDIATED_MAPK_ACTIVATION,3.149359,0.0007089915,3.149359
388,REACTOME_FCGR3A_MEDIATED_IL10_SYNTHESIS,0.58159244,0.26206413,0.58159244
390,REACTOME_FGFR2_ALTERNATIVE_SPLICING,5.029632,9.340453e-06,5.029632
391,REACTOME_FGFR2_MUTANT_RECEPTOR_ACTIVATION,3.2572465,0.0005530361,3.2572465
392,REACTOME_FLT3_SIGNALING,0.35499594,0.44157457,0.35499594
394,REACTOME_FLT3_SIGNALING_IN_DISEASE,0.41794306,0.38199437,0.41794306
395,REACTOME_FOLDING_OF_ACTIN_BY_CCT_TRIC,4.3564157,4.401332e-05,4.3564157
397,REACTOME_FORMATION_OF_ATP_BY_CHEMIOSMOTIC_COUPLING,6.8335695,1.467002e-07,6.8335695
398,REACTOME_FORMATION_OF_FIBRIN_CLOT_CLOTTING_CASCADE,0.9247611,0.11891562,0.9247611
399,REACTOME_FORMATION_OF_INCISION_COMPLEX_IN_GG_NER,0.6808724,0.20851035,0.6808724
400,REACTOME_FORMATION_OF_RNA_POL_II_ELONGATION_COMPLEX,2.3755674,0.00421146,2.3755674
401,REACTOME_FORMATION_OF_SENESCENCE_ASSOCIATED_HETEROCHROMATIN_FOCI_SAHF,0.7366539,0.1833775,0.7366539
402,REACTOME_FORMATION_OF_TC_NER_PRE_INCISION_COMPLEX,3.1267743,0.0007468366,3.1267743
403,REACTOME_FORMATION_OF_THE_BETA_CATENIN_TCF_TRANSACTIVATING_COMPLEX,0.36932832,0.42723978,0.36932832
404,REACTOME_FORMATION_OF_THE_EARLY_ELONGATION_COMPLEX,3.3097124,0.00049010327,3.3097124
405,REACTOME_FORMATION_OF_TUBULIN_FOLDING_INTERMEDIATES_BY_CCT_TRIC,4.631539,2.3359364e-05,4.631539
406,REACTOME_FOXO_MEDIATED_TRANSCRIPTION,1.2801493,0.0524627,1.2801493
407,REACTOME_FOXO_MEDIATED_TRANSCRIPTION_OF_CELL_CYCLE_GENES,0.7366539,0.1833775,0.7366539
408,REACTOME_FOXO_MEDIATED_TRANSCRIPTION_OF_CELL_DEATH_GENES,0.69079316,0.20380124,0.69079316
410,REACTOME_FRS_MEDIATED_FGFR1_SIGNALING,0.65030456,0.22371517,0.65030456
411,REACTOME_FRS_MEDIATED_FGFR2_SIGNALING,0.69079316,0.20380124,0.69079316
412,REACTOME_FRS_MEDIATED_FGFR3_SIGNALING,0.69079316,0.20380124,0.69079316
413,REACTOME_FRS_MEDIATED_FGFR4_SIGNALING,0.69079316,0.20380124,0.69079316
415,REACTOME_G1_S_DNA_DAMAGE_CHECKPOINTS,17.852753,1.4036118e-18,17.852753
417,REACTOME_G2_M_DNA_DAMAGE_CHECKPOINT,1.162283,0.06882037,1.162283
419,REACTOME_GABA_B_RECEPTOR_ACTIVATION,0.41794306,0.38199437,0.41794306
420,REACTOME_GABA_RECEPTOR_ACTIVATION,0.34146273,0.45555127,0.34146273
421,REACTOME_GABA_SYNTHESIS_RELEASE_REUPTAKE_AND_DEGRADATION,0.5520306,0.2805236,0.5520306
424,REACTOME_GAP_JUNCTION_ASSEMBLY,1.9189485,0.012051786,1.9189485
425,REACTOME_GAP_JUNCTION_DEGRADATION,3.2972832,0.0005043323,3.2972832
426,REACTOME_GAP_JUNCTION_TRAFFICKING_AND_REGULATION,4.631539,2.3359364e-05,4.631539
427,REACTOME_GASTRIN_CREB_SIGNALLING_PATHWAY_VIA_PKC_AND_MAPK,0.61415786,0.24313201,0.61415786
429,REACTOME_GENE_AND_PROTEIN_EXPRESSION_BY_JAK_STAT_SIGNALING_AFTER_INTERLEUKIN_12_STIMULATION,0.95126784,0.111874774,0.95126784
430,REACTOME_GLOBAL_GENOME_NUCLEOTIDE_EXCISION_REPAIR_GG_NER,2.4583313,0.0034807161,2.4583313
431,REACTOME_GLUCAGON_LIKE_PEPTIDE_1_GLP1_REGULATES_INSULIN_SECRETION,0.41794306,0.38199437,0.41794306
432,REACTOME_GLUCAGON_SIGNALING_IN_METABOLIC_REGULATION,0.47731784,0.33318248,0.47731784
433,REACTOME_GLUCAGON_TYPE_LIGAND_RECEPTORS,0.5520306,0.2805236,0.5520306
435,REACTOME_GLUCOSE_METABOLISM,0.13525689,0.7323912,0.13525689
436,REACTOME_GLUTAMATE_AND_GLUTAMINE_METABOLISM,0.69079316,0.20380124,0.69079316
438,REACTOME_GLUTATHIONE_CONJUGATION,3.2572465,0.0005530361,3.2572465
440,REACTOME_GLYCOGEN_BREAKDOWN_GLYCOGENOLYSIS,0.7366539,0.1833775,0.7366539
441,REACTOME_GLYCOGEN_METABOLISM,0.45609793,0.34986627,0.45609793
444,REACTOME_GLYCOLYSIS,0.16725866,0.680364,0.16725866
446,REACTOME_GLYOXYLATE_METABOLISM_AND_GLYCINE_DEGRADATION,2.5394802,0.0028874855,2.5394802
447,REACTOME_GOLGI_ASSOCIATED_VESICLE_BIOGENESIS,1.9180675,0.012076263,1.9180675
448,REACTOME_GOLGI_CISTERNAE_PERICENTRIOLAR_STACK_REORGANIZATION,0.7893312,0.16243096,0.7893312
449,REACTOME_GPVI_MEDIATED_ACTIVATION_CASCADE,1.4574388,0.03487877,1.4574388
450,REACTOME_GRB2_EVENTS_IN_ERBB2_SIGNALING,0.69079316,0.20380124,0.69079316
453,REACTOME_G_ALPHA_12_13_SIGNALLING_EVENTS,0.2553155,0.55550057,0.2553155
454,REACTOME_G_ALPHA_Z_SIGNALLING_EVENTS,0.3286616,0.46917883,0.3286616
455,REACTOME_G_BETA_GAMMA_SIGNALLING_THROUGH_CDC42,0.61415786,0.24313201,0.61415786
456,REACTOME_G_BETA_GAMMA_SIGNALLING_THROUGH_PI3KGAMMA,0.52502334,0.2985222,0.52502334
457,REACTOME_G_PROTEIN_ACTIVATION,1.4574388,0.03487877,1.4574388
458,REACTOME_G_PROTEIN_BETA_GAMMA_SIGNALLING,0.50021476,0.31607142,0.50021476
459,REACTOME_G_PROTEIN_MEDIATED_EVENTS,1.0182391,0.095887244,1.0182391
460,REACTOME_HCMV_LATE_EVENTS,3.0222318,0.0009500977,3.0222318
461,REACTOME_HDACS_DEACETYLATE_HISTONES,0.36932832,0.42723978,0.36932832
463,REACTOME_HDR_THROUGH_HOMOLOGOUS_RECOMBINATION_HRR,0.2836889,0.52036864,0.2836889
464,REACTOME_HDR_THROUGH_MMEJ_ALT_NHEJ,0.9247611,0.11891562,0.9247611
465,REACTOME_HDR_THROUGH_SINGLE_STRAND_ANNEALING_SSA,0.4363606,0.36613345,0.4363606
466,REACTOME_HEDGEHOG_LIGAND_BIOGENESIS,18.425573,3.7534075e-19,18.425573
467,REACTOME_HEDGEHOG_ON_STATE,18.140295,7.2394377e-19,18.140295
470,REACTOME_HEPARAN_SULFATE_HEPARIN_HS_GAG_METABOLISM,0.47731784,0.33318248,0.47731784
471,REACTOME_HIV_ELONGATION_ARREST_AND_RECOVERY,3.4735205,0.00033610853,3.4735205
472,REACTOME_HIV_TRANSCRIPTION_ELONGATION,2.9573576,0.00110317,2.9573576
473,REACTOME_HIV_TRANSCRIPTION_INITIATION,3.9083009,0.00012350918,3.9083009
474,REACTOME_HOMOLOGOUS_DNA_PAIRING_AND_STRAND_EXCHANGE,0.41794306,0.38199437,0.41794306
475,REACTOME_HSF1_ACTIVATION,4.900566,1.257285e-05,4.900566
476,REACTOME_HSF1_DEPENDENT_TRANSACTIVATION,5.853711,1.4005183e-06,5.853711
477,REACTOME_HSP90_CHAPERONE_CYCLE_FOR_STEROID_HORMONE_RECEPTORS_SHR,8.617268,2.4139741e-09,8.617268
478,REACTOME_HS_GAG_BIOSYNTHESIS,0.7893312,0.16243096,0.7893312
479,REACTOME_HS_GAG_DEGRADATION,0.85094035,0.14094824,0.85094035
481,REACTOME_IKK_COMPLEX_RECRUITMENT_MEDIATED_BY_RIP1,0.58159244,0.26206413,0.58159244
482,REACTOME_INACTIVATION_OF_CDC42_AND_RAC1,0.85094035,0.14094824,0.85094035
483,REACTOME_INACTIVATION_OF_CSF3_G_CSF_SIGNALING,0.50021476,0.31607142,0.50021476
484,REACTOME_INCRETIN_SYNTHESIS_SECRETION_AND_INACTIVATION,3.2972832,0.0005043323,3.2972832
485,REACTOME_INFECTION_WITH_MYCOBACTERIUM_TUBERCULOSIS,2.0896838,0.008134226,2.0896838
487,REACTOME_INHIBITION_OF_DNA_RECOMBINATION_AT_TELOMERE,3.2572465,0.0005530361,3.2572465
488,REACTOME_INHIBITION_OF_REPLICATION_INITIATION_OF_DAMAGED_DNA_BY_RB1_E2F1,0.7893312,0.16243096,0.7893312
489,REACTOME_INHIBITION_OF_THE_PROTEOLYTIC_ACTIVITY_OF_APC_C_REQUIRED_FOR_THE_ONSET_OF_ANAPHASE_BY_MITOTIC_SPINDLE_CHECKPOINT_COMPONENTS,1.2770948,0.05283299,1.2770948
490,REACTOME_INITIATION_OF_NUCLEAR_ENVELOPE_NE_REFORMATION,1.5294882,0.029546894,1.5294882
493,REACTOME_INOSITOL_PHOSPHATE_METABOLISM,1.0934682,0.08063654,1.0934682
494,REACTOME_INSERTION_OF_TAIL_ANCHORED_PROTEINS_INTO_THE_ENDOPLASMIC_RETICULUM_MEMBRANE,0.47731784,0.33318248,0.47731784
495,REACTOME_INSULIN_PROCESSING,0.50021476,0.31607142,0.50021476
496,REACTOME_INSULIN_RECEPTOR_RECYCLING,0.52502334,0.2985222,0.52502334
497,REACTOME_INSULIN_RECEPTOR_SIGNALLING_CASCADE,0.41794306,0.38199437,0.41794306
503,REACTOME_INTERACTION_BETWEEN_L1_AND_ANKYRINS,1.3920043,0.040550455,1.3920043
504,REACTOME_INTERCONVERSION_OF_NUCLEOTIDE_DI_AND_TRIPHOSPHATES,1.8893334,0.012902285,1.8893334
505,REACTOME_INTERFERON_ALPHA_BETA_SIGNALING,1.3920043,0.040550455,1.3920043
506,REACTOME_INTERFERON_GAMMA_SIGNALING,0.40070742,0.3974592,0.40070742
507,REACTOME_INTERLEUKIN_12_FAMILY_SIGNALING,0.7641411,0.17213094,0.7641411
508,REACTOME_INTERLEUKIN_12_SIGNALING,0.83674616,0.145631,0.83674616
510,REACTOME_INTERLEUKIN_17_SIGNALING,1.0595698,0.08718267,1.0595698
513,REACTOME_INTERLEUKIN_2_FAMILY_SIGNALING,0.58159244,0.26206413,0.58159244
516,REACTOME_INTERLEUKIN_3_INTERLEUKIN_5_AND_GM_CSF_SIGNALING,0.40070742,0.3974592,0.40070742
519,REACTOME_INTERLEUKIN_7_SIGNALING,0.7366539,0.1833775,0.7366539
520,REACTOME_INTERLEUKIN_RECEPTOR_SHC_SIGNALING,0.7366539,0.1833775,0.7366539
521,REACTOME_INTRAFLAGELLAR_TRANSPORT,4.348197,4.485419e-05,4.348197
523,REACTOME_INTRINSIC_PATHWAY_FOR_APOPTOSIS,2.367422,0.004291191,2.367422
524,REACTOME_INWARDLY_RECTIFYING_K_CHANNELS,0.52502334,0.2985222,0.52502334
525,REACTOME_ION_HOMEOSTASIS,0.95126784,0.111874774,0.95126784
526,REACTOME_ION_TRANSPORT_BY_P_TYPE_ATPASES,0.92041993,0.12011025,0.92041993
529,REACTOME_IRE1ALPHA_ACTIVATES_CHAPERONES,0.3286616,0.46917883,0.3286616
530,REACTOME_IRON_UPTAKE_AND_TRANSPORT,0.26433328,0.54408497,0.26433328
531,REACTOME_IRS_MEDIATED_SIGNALLING,0.45609793,0.34986627,0.45609793
533,REACTOME_JOSEPHIN_DOMAIN_DUBS,0.7366539,0.1833775,0.7366539
536,REACTOME_KINESINS,2.4285161,0.0037280682,2.4285161
540,REACTOME_LATE_ENDOSOMAL_MICROAUTOPHAGY,1.9519101,0.011170944,1.9519101
541,REACTOME_LDL_CLEARANCE,0.69079316,0.20380124,0.69079316
543,REACTOME_LIPOPHAGY,0.9247611,0.11891562,0.9247611
545,REACTOME_LONG_TERM_POTENTIATION,0.5520306,0.2805236,0.5520306
546,REACTOME_LOSS_OF_FUNCTION_OF_MECP2_IN_RETT_SYNDROME,0.65030456,0.22371517,0.65030456
547,REACTOME_LYSOSOME_VESICLE_BIOGENESIS,1.0934682,0.08063654,1.0934682
549,REACTOME_MAP2K_AND_MAPK_ACTIVATION,3.751471,0.00017722658,3.751471
552,REACTOME_MAPK6_MAPK4_SIGNALING,18.303308,4.973842e-19,18.303308
553,REACTOME_MAPK_TARGETS_NUCLEAR_EVENTS_MEDIATED_BY_MAP_KINASES,1.7219677,0.018968469,1.7219677
554,REACTOME_MASTL_FACILITATES_MITOTIC_PROGRESSION,0.7893312,0.16243096,0.7893312
555,REACTOME_MATURATION_OF_NUCLEOPROTEIN,0.85094035,0.14094824,0.85094035
556,REACTOME_MATURATION_OF_SARS_COV_2_SPIKE_PROTEIN,1.2770948,0.05283299,1.2770948
559,REACTOME_MEIOSIS,1.5790622,0.02635954,1.5790622
560,REACTOME_MEIOTIC_RECOMBINATION,0.61415786,0.24313201,0.61415786
561,REACTOME_MEIOTIC_SYNAPSIS,1.2770948,0.05283299,1.2770948
563,REACTOME_METABOLISM_OF_COFACTORS,1.699238,0.019987667,1.699238
564,REACTOME_METABOLISM_OF_FAT_SOLUBLE_VITAMINS,0.5520306,0.2805236,0.5520306
566,REACTOME_METABOLISM_OF_NITRIC_OXIDE_NOS3_ACTIVATION_AND_REGULATION,0.7366539,0.1833775,0.7366539
567,REACTOME_METABOLISM_OF_NUCLEOTIDES,2.169576,0.006767435,2.169576
568,REACTOME_METABOLISM_OF_POLYAMINES,22.524008,2.9922087e-23,22.524008
571,REACTOME_METALLOPROTEASE_DUBS,0.52502334,0.2985222,0.52502334
573,REACTOME_METHYLATION,0.7366539,0.1833775,0.7366539
574,REACTOME_MET_ACTIVATES_RAP1_AND_RAC1,0.7893312,0.16243096,0.7893312
575,REACTOME_MET_ACTIVATES_RAS_SIGNALING,0.85094035,0.14094824,0.85094035
576,REACTOME_MET_PROMOTES_CELL_MOTILITY,0.61415786,0.24313201,0.61415786
578,REACTOME_MICRORNA_MIRNA_BIOGENESIS,2.9547656,0.0011097735,2.9547656
581,REACTOME_MITOCHONDRIAL_BIOGENESIS,7.440348,3.6278728e-08,7.440348
582,REACTOME_MITOCHONDRIAL_CALCIUM_ION_TRANSPORT,1.9519101,0.011170944,1.9519101
583,REACTOME_MITOCHONDRIAL_FATTY_ACID_BETA_OXIDATION,1.8303802,0.014778139,1.8303802
584,REACTOME_MITOCHONDRIAL_FATTY_ACID_BETA_OXIDATION_OF_SATURATED_FATTY_ACIDS,0.85094035,0.14094824,0.85094035
587,REACTOME_MITOCHONDRIAL_PROTEIN_IMPORT,3.810192,0.00015481315,3.810192
588,REACTOME_MITOCHONDRIAL_TRANSLATION,11.303746,4.968825e-12,11.303746
591,REACTOME_MITOTIC_TELOPHASE_CYTOKINESIS,0.69079316,0.20380124,0.69079316
593,REACTOME_MRNA_CAPPING,2.630297,0.002342626,2.630297
596,REACTOME_MRNA_SPLICING_MINOR_PATHWAY,7.09845,7.9716784e-08,7.09845
597,REACTOME_MTORC1_MEDIATED_SIGNALLING,1.0934682,0.08063654,1.0934682
598,REACTOME_MTOR_SIGNALLING,0.7641411,0.17213094,0.7641411
599,REACTOME_MYD88_INDEPENDENT_TLR4_CASCADE,2.6966698,0.0020106204,2.6966698
602,REACTOME_NCAM1_INTERACTIONS,0.58159244,0.26206413,0.58159244
603,REACTOME_NCAM_SIGNALING_FOR_NEURITE_OUT_GROWTH,0.86327815,0.13700041,0.86327815
608,REACTOME_NEGATIVE_EPIGENETIC_REGULATION_OF_RRNA_EXPRESSION,1.3124181,0.04870594,1.3124181
609,REACTOME_NEGATIVE_REGULATION_OF_ACTIVITY_OF_TFAP2_AP_2_FAMILY_TRANSCRIPTION_FACTORS,0.85094035,0.14094824,0.85094035
610,REACTOME_NEGATIVE_REGULATION_OF_FGFR1_SIGNALING,0.45609793,0.34986627,0.45609793
611,REACTOME_NEGATIVE_REGULATION_OF_FGFR2_SIGNALING,0.50021476,0.31607142,0.50021476
612,REACTOME_NEGATIVE_REGULATION_OF_FGFR3_SIGNALING,0.50021476,0.31607142,0.50021476
613,REACTOME_NEGATIVE_REGULATION_OF_FGFR4_SIGNALING,0.50021476,0.31607142,0.50021476
615,REACTOME_NEGATIVE_REGULATION_OF_MAPK_PATHWAY,2.3090093,0.0049089734,2.3090093
617,REACTOME_NEGATIVE_REGULATION_OF_NMDA_RECEPTOR_MEDIATED_NEURONAL_TRANSMISSION,0.52502334,0.2985222,0.52502334
618,REACTOME_NEGATIVE_REGULATION_OF_NOTCH4_SIGNALING,19.262083,5.469116e-20,19.262083
619,REACTOME_NEGATIVE_REGULATORS_OF_DDX58_IFIH1_SIGNALING,1.1788671,0.06624192,1.1788671
621,REACTOME_NETRIN_1_SIGNALING,0.92041993,0.12011025,0.92041993
622,REACTOME_NEUREXINS_AND_NEUROLIGINS,0.27378085,0.5323768,0.27378085
624,REACTOME_NEUROTRANSMITTER_RELEASE_CYCLE,0.2836889,0.52036864,0.2836889
625,REACTOME_NF_KB_IS_ACTIVATED_AND_SIGNALS_SURVIVAL,0.69079316,0.20380124,0.69079316
626,REACTOME_NGF_STIMULATED_TRANSCRIPTION,1.1347517,0.07332436,1.1347517
632,REACTOME_NONHOMOLOGOUS_END_JOINING_NHEJ,0.95126784,0.111874774,0.95126784
633,REACTOME_NON_INTEGRIN_MEMBRANE_ECM_INTERACTIONS,0.47731784,0.33318248,0.47731784
635,REACTOME_NOTCH1_INTRACELLULAR_DOMAIN_REGULATES_TRANSCRIPTION,0.7872617,0.16320682,0.7872617
636,REACTOME_NOTCH2_ACTIVATION_AND_TRANSMISSION_OF_SIGNAL_TO_THE_NUCLEUS,0.58159244,0.26206413,0.58159244
646,REACTOME_NRAGE_SIGNALS_DEATH_THROUGH_JNK,0.95126784,0.111874774,0.95126784
648,REACTOME_NS1_MEDIATED_EFFECTS_ON_HOST_PATHWAYS,0.3286616,0.46917883,0.3286616
650,REACTOME_NUCLEAR_ENVELOPE_NE_REASSEMBLY,4.1309924,7.396179e-05,4.1309924
651,REACTOME_NUCLEAR_EVENTS_KINASE_AND_TRANSCRIPTION_FACTOR_ACTIVATION,1.2801493,0.0524627,1.2801493
655,REACTOME_NUCLEAR_SIGNALING_BY_ERBB4,0.5520306,0.2805236,0.5520306
656,REACTOME_NUCLEOBASE_BIOSYNTHESIS,0.7366539,0.1833775,0.7366539
657,REACTOME_NUCLEOBASE_CATABOLISM,0.61415786,0.24313201,0.61415786
662,REACTOME_N_GLYCAN_TRIMMING_IN_THE_ER_AND_CALNEXIN_CALRETICULIN_CYCLE,0.86327815,0.13700041,0.86327815
664,REACTOME_ONCOGENIC_MAPK_SIGNALING,2.923146,0.0011935866,2.923146
665,REACTOME_OPIOID_SIGNALLING,2.4204051,0.003798349,2.4204051
666,REACTOME_ORC1_REMOVAL_FROM_CHROMATIN,18.038998,9.141179e-19,18.038998
669,REACTOME_OVARIAN_TUMOR_DOMAIN_PROTEASES,0.4363606,0.36613345,0.4363606
670,REACTOME_OXIDATIVE_STRESS_INDUCED_SENESCENCE,0.5936481,0.25488952,0.5936481
673,REACTOME_P38MAPK_EVENTS,0.9247611,0.11891562,0.9247611
675,REACTOME_P75NTR_SIGNALS_VIA_NF_KB,0.65030456,0.22371517,0.65030456
676,REACTOME_P75_NTR_RECEPTOR_MEDIATED_SIGNALLING,2.289703,0.005132123,2.289703
678,REACTOME_PCP_CE_PATHWAY,17.642046,2.280104e-18,17.642046
680,REACTOME_PENTOSE_PHOSPHATE_PATHWAY,0.69079316,0.20380124,0.69079316
681,REACTOME_PEPTIDE_HORMONE_METABOLISM,3.5614789,0.00027448655,3.5614789
682,REACTOME_PERK_REGULATES_GENE_EXPRESSION,1.0934682,0.08063654,1.0934682
684,REACTOME_PEROXISOMAL_PROTEIN_IMPORT,0.7872617,0.16320682,0.7872617
686,REACTOME_PHASE_0_RAPID_DEPOLARISATION,0.47731784,0.33318248,0.47731784
688,REACTOME_PHOSPHORYLATION_OF_THE_APC_C,1.2770948,0.05283299,1.2770948
691,REACTOME_PI5P_REGULATES_TP53_ACETYLATION,0.85094035,0.14094824,0.85094035
693,REACTOME_PIWI_INTERACTING_RNA_PIRNA_BIOGENESIS,2.6563294,0.0022063304,2.6563294
698,REACTOME_PI_METABOLISM,0.57804745,0.264212,0.57804745
700,REACTOME_PKA_MEDIATED_PHOSPHORYLATION_OF_CREB,0.69079316,0.20380124,0.69079316
701,REACTOME_PKMTS_METHYLATE_HISTONE_LYSINES,0.27378085,0.5323768,0.27378085
703,REACTOME_PLASMA_LIPOPROTEIN_ASSEMBLY_REMODELING_AND_CLEARANCE,0.38453624,0.4125378,0.38453624
704,REACTOME_PLASMA_LIPOPROTEIN_CLEARANCE,0.61415786,0.24313201,0.61415786
707,REACTOME_PLATELET_CALCIUM_HOMEOSTASIS,0.61415786,0.24313201,0.61415786
708,REACTOME_PLATELET_HOMEOSTASIS,1.0839992,0.08241397,1.0839992
709,REACTOME_PLATELET_SENSITIZATION_BY_LDL,0.61415786,0.24313201,0.61415786
713,REACTOME_POLYMERASE_SWITCHING_ON_THE_C_STRAND_OF_THE_TELOMERE,0.58159244,0.26206413,0.58159244
714,REACTOME_POSITIVE_EPIGENETIC_REGULATION_OF_RRNA_EXPRESSION,0.86327815,0.13700041,0.86327815
715,REACTOME_POSTMITOTIC_NUCLEAR_PORE_COMPLEX_NPC_REFORMATION,1.2261717,0.05940572,1.2261717
716,REACTOME_POST_CHAPERONIN_TUBULIN_FOLDING_PATHWAY,2.5394802,0.0028874855,2.5394802
718,REACTOME_POTENTIAL_THERAPEUTICS_FOR_SARS,0.47062868,0.33835402,0.47062868
719,REACTOME_PP2A_MEDIATED_DEPHOSPHORYLATION_OF_KEY_METABOLIC_FACTORS,0.9247611,0.11891562,0.9247611
723,REACTOME_PRESYNAPTIC_FUNCTION_OF_KAINATE_RECEPTORS,0.58159244,0.26206413,0.58159244
724,REACTOME_PREVENTION_OF_PHAGOSOMAL_LYSOSOMAL_FUSION,0.7893312,0.16243096,0.7893312
725,REACTOME_PRE_NOTCH_EXPRESSION_AND_PROCESSING,0.36932832,0.42723978,0.36932832
727,REACTOME_PROCESSING_AND_ACTIVATION_OF_SUMO,0.65030456,0.22371517,0.65030456
729,REACTOME_PROCESSING_OF_DNA_DOUBLE_STRAND_BREAK_ENDS,1.1353116,0.0732299,1.1353116
731,REACTOME_PROCESSING_OF_SMDT1,1.332158,0.046541676,1.332158
732,REACTOME_PROCESSIVE_SYNTHESIS_ON_THE_C_STRAND_OF_THE_TELOMERE,0.61415786,0.24313201,0.61415786
734,REACTOME_PROLACTIN_RECEPTOR_SIGNALING,0.9247611,0.11891562,0.9247611
735,REACTOME_PROLONGED_ERK_ACTIVATION_EVENTS,0.7366539,0.1833775,0.7366539
737,REACTOME_PROSTACYCLIN_SIGNALLING_THROUGH_PROSTACYCLIN_RECEPTOR,0.58159244,0.26206413,0.58159244
738,REACTOME_PROTEIN_FOLDING,7.2913647,5.112521e-08,7.2913647
739,REACTOME_PROTEIN_METHYLATION,3.37356,0.00042309702,3.37356
740,REACTOME_PROTEIN_PROTEIN_INTERACTIONS_AT_SYNAPSES,0.16725866,0.680364,0.16725866
741,REACTOME_PROTEIN_UBIQUITINATION,0.9481935,0.112669535,0.9481935
742,REACTOME_PTK6_REGULATES_RHO_GTPASES_RAS_GTPASE_AND_MAP_KINASES,1.8012038,0.01580506,1.8012038
745,REACTOME_PURINE_CATABOLISM,0.7893312,0.16243096,0.7893312
746,REACTOME_PURINE_RIBONUCLEOSIDE_MONOPHOSPHATE_BIOSYNTHESIS,0.7893312,0.16243096,0.7893312
750,REACTOME_PYRUVATE_METABOLISM,1.1788671,0.06624192,1.1788671
751,REACTOME_PYRUVATE_METABOLISM_AND_CITRIC_ACID_TCA_CYCLE,1.3808315,0.0416072,1.3808315
752,REACTOME_RAB_GEFS_EXCHANGE_GTP_FOR_GDP_ON_RABS,2.4958353,0.0031927477,2.4958353
753,REACTOME_RAB_GERANYLGERANYLATION,2.1479602,0.007112789,2.1479602
754,REACTOME_RAC2_GTPASE_CYCLE,1.0839992,0.08241397,1.0839992
755,REACTOME_RAC3_GTPASE_CYCLE,0.5484398,0.28285262,0.5484398
756,REACTOME_RAF_ACTIVATION,2.4925175,0.0032172333,2.4925175
758,REACTOME_RAP1_SIGNALLING,0.7366539,0.1833775,0.7366539
759,REACTOME_RAS_ACTIVATION_UPON_CA2_INFLUX_THROUGH_NMDA_RECEPTOR,1.332158,0.046541676,1.332158
760,REACTOME_RAS_PROCESSING,1.2770948,0.05283299,1.2770948
761,REACTOME_RAS_SIGNALING_DOWNSTREAM_OF_NF1_LOSS_OF_FUNCTION_VARIANTS,0.9247611,0.11891562,0.9247611
765,REACTOME_RECOGNITION_AND_ASSOCIATION_OF_DNA_GLYCOSYLASE_WITH_SITE_CONTAINING_AN_AFFECTED_PURINE,1.8012038,0.01580506,1.8012038
766,REACTOME_RECOGNITION_OF_DNA_DAMAGE_BY_PCNA_CONTAINING_REPLICATION_COMPLEX,0.45609793,0.34986627,0.45609793
767,REACTOME_RECRUITMENT_OF_MITOTIC_CENTROSOME_PROTEINS_AND_COMPLEXES,1.5597891,0.027555669,1.5597891
768,REACTOME_RECRUITMENT_OF_NUMA_TO_MITOTIC_CENTROSOMES,2.0946894,0.008041009,2.0946894
770,REACTOME_RECYCLING_PATHWAY_OF_L1,3.6539788,0.00022183047,3.6539788
771,REACTOME_REDUCTION_OF_CYTOSOLIC_CA_LEVELS,0.7366539,0.1833775,0.7366539
773,REACTOME_REGULATED_NECROSIS,0.34146273,0.45555127,0.34146273
775,REACTOME_REGULATION_OF_BACH1_ACTIVITY,0.61415786,0.24313201,0.61415786
777,REACTOME_REGULATION_OF_CHOLESTEROL_BIOSYNTHESIS_BY_SREBP_SREBF,0.20883858,0.61824614,0.20883858
781,REACTOME_REGULATION_OF_GENE_EXPRESSION_BY_HYPOXIA_INDUCIBLE_FACTOR,0.7893312,0.16243096,0.7893312
783,REACTOME_REGULATION_OF_GLYCOLYSIS_BY_FRUCTOSE_2_6_BISPHOSPHATE_METABOLISM,0.69079316,0.20380124,0.69079316
784,REACTOME_REGULATION_OF_HMOX1_EXPRESSION_AND_ACTIVITY,17.852753,1.4036118e-18,17.852753
785,REACTOME_REGULATION_OF_HSF1_MEDIATED_HEAT_SHOCK_RESPONSE,4.715594,1.9248911e-05,4.715594
787,REACTOME_REGULATION_OF_IFNG_SIGNALING,0.65030456,0.22371517,0.65030456
789,REACTOME_REGULATION_OF_INSULIN_SECRETION,1.1901963,0.06453626,1.1901963
791,REACTOME_REGULATION_OF_LOCALIZATION_OF_FOXO_TRANSCRIPTION_FACTORS,0.7366539,0.1833775,0.7366539
792,REACTOME_REGULATION_OF_MECP2_EXPRESSION_AND_ACTIVITY,0.9838195,0.10379597,0.9838195
793,REACTOME_REGULATION_OF_MRNA_STABILITY_BY_PROTEINS_THAT_BIND_AU_RICH_ELEMENTS,19.284336,5.1959424e-20,19.284336
794,REACTOME_REGULATION_OF_PLK1_ACTIVITY_AT_G2_M_TRANSITION,1.4436395,0.036004804,1.4436395
795,REACTOME_REGULATION_OF_PTEN_GENE_TRANSCRIPTION,1.1353116,0.0732299,1.1353116
798,REACTOME_REGULATION_OF_PTEN_STABILITY_AND_ACTIVITY,19.439148,3.6379116e-20,19.439148
799,REACTOME_REGULATION_OF_PYRUVATE_DEHYDROGENASE_PDH_COMPLEX,0.69079316,0.20380124,0.69079316
800,REACTOME_REGULATION_OF_RAS_BY_GAPS,18.67156,2.1302976e-19,18.67156
802,REACTOME_REGULATION_OF_RUNX2_EXPRESSION_AND_ACTIVITY,19.439148,3.6379116e-20,19.439148
803,REACTOME_REGULATION_OF_RUNX3_EXPRESSION_AND_ACTIVITY,18.023666,9.469637e-19,18.023666
804,REACTOME_REGULATION_OF_SIGNALING_BY_CBL,0.52502334,0.2985222,0.52502334
806,REACTOME_REGULATION_OF_TP53_ACTIVITY_THROUGH_ACETYLATION,0.35499594,0.44157457,0.35499594
809,REACTOME_REGULATION_OF_TP53_ACTIVITY_THROUGH_PHOSPHORYLATION,0.8888693,0.1291608,0.8888693
810,REACTOME_REGULATION_OF_TP53_EXPRESSION_AND_DEGRADATION,0.3286616,0.46917883,0.3286616
811,REACTOME_REPRESSION_OF_WNT_TARGET_GENES,1.8012038,0.01580506,1.8012038
812,REACTOME_RESOLUTION_OF_ABASIC_SITES_AP_SITES,0.38453624,0.4125378,0.38453624
814,REACTOME_RESOLUTION_OF_D_LOOP_STRUCTURES,0.58159244,0.26206413,0.58159244
815,REACTOME_RESOLUTION_OF_D_LOOP_STRUCTURES_THROUGH_SYNTHESIS_DEPENDENT_STRAND_ANNEALING_SDSA,0.65030456,0.22371517,0.65030456
816,REACTOME_RESPONSE_OF_EIF2AK1_HRI_TO_HEME_DEFICIENCY,1.5294882,0.029546894,1.5294882
817,REACTOME_RESPONSE_OF_MTB_TO_PHAGOCYTOSIS,2.0896838,0.008134226,2.0896838
818,REACTOME_RETROGRADE_NEUROTROPHIN_SIGNALLING,0.7893312,0.16243096,0.7893312
819,REACTOME_RETROGRADE_TRANSPORT_AT_THE_TRANS_GOLGI_NETWORK,0.6808724,0.20851035,0.6808724
820,REACTOME_RET_SIGNALING,0.4363606,0.36613345,0.4363606
821,REACTOME_RHOBTB1_GTPASE_CYCLE,3.0488248,0.0008936657,3.0488248
822,REACTOME_RHOBTB2_GTPASE_CYCLE,4.079561,8.326048e-05,4.079561
823,REACTOME_RHOBTB3_ATPASE_CYCLE,2.057867,0.008752515,2.057867
824,REACTOME_RHOBTB_GTPASE_CYCLE,4.2526736,5.5889006e-05,4.2526736
826,REACTOME_RHOC_GTPASE_CYCLE,0.70042497,0.19933109,0.70042497
827,REACTOME_RHOD_GTPASE_CYCLE,0.8911321,0.12848957,0.8911321
828,REACTOME_RHOF_GTPASE_CYCLE,1.8303802,0.014778139,1.8303802
829,REACTOME_RHOG_GTPASE_CYCLE,1.9607499,0.010945867,1.9607499
830,REACTOME_RHOH_GTPASE_CYCLE,2.0185285,0.009582341,2.0185285
831,REACTOME_RHOJ_GTPASE_CYCLE,0.35499594,0.44157457,0.35499594
832,REACTOME_RHOQ_GTPASE_CYCLE,0.3050254,0.4954212,0.3050254
833,REACTOME_RHOU_GTPASE_CYCLE,0.41794306,0.38199437,0.41794306
834,REACTOME_RHOV_GTPASE_CYCLE,0.41794306,0.38199437,0.41794306
835,REACTOME_RHO_GTPASES_ACTIVATE_CIT,0.61415786,0.24313201,0.61415786
836,REACTOME_RHO_GTPASES_ACTIVATE_IQGAPS,6.0092335,9.78964e-07,6.0092335
837,REACTOME_RHO_GTPASES_ACTIVATE_KTN1,2.2267337,0.0059328917,2.2267337
838,REACTOME_RHO_GTPASES_ACTIVATE_NADPH_OXIDASES,2.057867,0.008752515,2.057867
839,REACTOME_RHO_GTPASES_ACTIVATE_PAKS,1.332158,0.046541676,1.332158
840,REACTOME_RHO_GTPASES_ACTIVATE_PKNS,1.0547158,0.088162564,1.0547158
842,REACTOME_RHO_GTPASES_ACTIVATE_WASPS_AND_WAVES,3.6539788,0.00022183047,3.6539788
843,REACTOME_RIPK1_MEDIATED_REGULATED_NECROSIS,0.52502334,0.2985222,0.52502334
844,REACTOME_RIP_MEDIATED_NFKB_ACTIVATION_VIA_ZBP1,1.9189485,0.012051786,1.9189485
845,REACTOME_RMTS_METHYLATE_HISTONE_ARGININES,0.3050254,0.4954212,0.3050254
846,REACTOME_RNA_POLYMERASE_III_CHAIN_ELONGATION,0.61415786,0.24313201,0.61415786
847,REACTOME_RNA_POLYMERASE_III_TRANSCRIPTION,2.4285161,0.0037280682,2.4285161
848,REACTOME_RNA_POLYMERASE_III_TRANSCRIPTION_INITIATION_FROM_TYPE_1_PROMOTER,1.1347517,0.07332436,1.1347517
849,REACTOME_RNA_POLYMERASE_III_TRANSCRIPTION_INITIATION_FROM_TYPE_3_PROMOTER,1.1347517,0.07332436,1.1347517
850,REACTOME_RNA_POLYMERASE_III_TRANSCRIPTION_TERMINATION,1.332158,0.046541676,1.332158
851,REACTOME_RNA_POLYMERASE_II_TRANSCRIBES_SNRNA_GENES,4.262433,5.4647055e-05,4.262433
852,REACTOME_RNA_POLYMERASE_II_TRANSCRIPTION_TERMINATION,5.5233364,2.9968412e-06,5.5233364
853,REACTOME_RNA_POLYMERASE_I_PROMOTER_ESCAPE,0.47731784,0.33318248,0.47731784
854,REACTOME_RNA_POLYMERASE_I_TRANSCRIPTION,0.29409125,0.5080527,0.29409125
855,REACTOME_RNA_POLYMERASE_I_TRANSCRIPTION_INITIATION,0.31653327,0.482466,0.31653327
856,REACTOME_RNA_POLYMERASE_I_TRANSCRIPTION_TERMINATION,0.47731784,0.33318248,0.47731784
857,REACTOME_RND1_GTPASE_CYCLE,1.9519101,0.011170944,1.9519101
858,REACTOME_RND2_GTPASE_CYCLE,2.1659677,0.0068238927,2.1659677
859,REACTOME_RND3_GTPASE_CYCLE,1.9519101,0.011170944,1.9519101
865,REACTOME_ROS_AND_RNS_PRODUCTION_IN_PHAGOCYTES,0.5520306,0.2805236,0.5520306
866,REACTOME_RRNA_MODIFICATION_IN_THE_NUCLEUS_AND_CYTOSOL,2.3320205,0.004655641,2.3320205
867,REACTOME_RRNA_PROCESSING_IN_THE_MITOCHONDRION,0.7893312,0.16243096,0.7893312
870,REACTOME_RUNX1_REGULATES_TRANSCRIPTION_OF_GENES_INVOLVED_IN_DIFFERENTIATION_OF_HSCS,17.034447,9.2374775e-18,17.034447
871,REACTOME_SARS_COV_1_GENOME_REPLICATION_AND_TRANSCRIPTION,2.2267337,0.0059328917,2.2267337
872,REACTOME_SARS_COV_1_INFECTION,2.2530775,0.005583707,2.2530775
873,REACTOME_SARS_COV_2_INFECTION,3.416198,0.0003835324,3.416198
875,REACTOME_SCF_SKP2_MEDIATED_DEGRADATION_OF_P27_P21,17.221893,5.999373e-18,17.221893
876,REACTOME_SEALING_OF_THE_NUCLEAR_ENVELOPE_NE_BY_ESCRT_III,2.1659677,0.0068238927,2.1659677
877,REACTOME_SELECTIVE_AUTOPHAGY,2.1316428,0.0073851137,2.1316428
878,REACTOME_SEMA3A_PAK_DEPENDENT_AXON_REPULSION,0.5520306,0.2805236,0.5520306
879,REACTOME_SEMA3A_PLEXIN_REPULSION_SIGNALING_BY_INHIBITING_INTEGRIN_ADHESION,0.69079316,0.20380124,0.69079316
881,REACTOME_SEMA4D_IN_SEMAPHORIN_SIGNALING,0.61415786,0.24313201,0.61415786
882,REACTOME_SEMAPHORIN_INTERACTIONS,0.2384608,0.577483,0.2384608
883,REACTOME_SENESCENCE_ASSOCIATED_SECRETORY_PHENOTYPE_SASP,1.9607499,0.010945867,1.9607499
884,REACTOME_SENSING_OF_DNA_DOUBLE_STRAND_BREAKS,0.9247611,0.11891562,0.9247611
885,REACTOME_SENSORY_PROCESSING_OF_SOUND,1.3808315,0.0416072,1.3808315
886,REACTOME_SENSORY_PROCESSING_OF_SOUND_BY_OUTER_HAIR_CELLS_OF_THE_COCHLEA,1.2261717,0.05940572,1.2261717
888,REACTOME_SHC1_EVENTS_IN_EGFR_SIGNALING,0.9247611,0.11891562,0.9247611
889,REACTOME_SHC1_EVENTS_IN_ERBB2_SIGNALING,0.58159244,0.26206413,0.58159244
890,REACTOME_SHC1_EVENTS_IN_ERBB4_SIGNALING,0.7366539,0.1833775,0.7366539
891,REACTOME_SHC_MEDIATED_CASCADE_FGFR1,0.7366539,0.1833775,0.7366539
892,REACTOME_SHC_MEDIATED_CASCADE_FGFR3,0.7893312,0.16243096,0.7893312
893,REACTOME_SHC_MEDIATED_CASCADE_FGFR4,0.7893312,0.16243096,0.7893312
894,REACTOME_SHC_RELATED_EVENTS_TRIGGERED_BY_IGF1R,0.85094035,0.14094824,0.85094035
895,REACTOME_SIALIC_ACID_METABOLISM,0.50021476,0.31607142,0.50021476
897,REACTOME_SIGNALING_BY_BRAF_AND_RAF_FUSIONS,3.6127152,0.00024394093,3.6127152
898,REACTOME_SIGNALING_BY_CSF3_G_CSF,1.1347517,0.07332436,1.1347517
899,REACTOME_SIGNALING_BY_CTNNB1_PHOSPHO_SITE_MUTANTS,0.58159244,0.26206413,0.58159244
901,REACTOME_SIGNALING_BY_EGFR,0.27378085,0.5323768,0.27378085
902,REACTOME_SIGNALING_BY_EGFR_IN_CANCER,0.50021476,0.31607142,0.50021476
903,REACTOME_SIGNALING_BY_ERBB2,0.7641411,0.17213094,0.7641411
904,REACTOME_SIGNALING_BY_ERBB2_ECD_MUTANTS,0.58159244,0.26206413,0.58159244
905,REACTOME_SIGNALING_BY_ERBB2_IN_CANCER,0.47731784,0.33318248,0.47731784
906,REACTOME_SIGNALING_BY_ERBB4,0.7872617,0.16320682,0.7872617
907,REACTOME_SIGNALING_BY_ERYTHROPOIETIN,0.58159244,0.26206413,0.58159244
908,REACTOME_SIGNALING_BY_FGFR,4.5780153,2.6423144e-05,4.5780153
909,REACTOME_SIGNALING_BY_FGFR1,0.83674616,0.145631,0.83674616
910,REACTOME_SIGNALING_BY_FGFR1_IN_DISEASE,0.40070742,0.3974592,0.40070742
911,REACTOME_SIGNALING_BY_FGFR2,4.9360695,1.1585922e-05,4.9360695
912,REACTOME_SIGNALING_BY_FGFR2_IIIA_TM,3.37356,0.00042309702,3.37356
913,REACTOME_SIGNALING_BY_FGFR2_IN_DISEASE,3.4735205,0.00033610853,3.4735205
914,REACTOME_SIGNALING_BY_FGFR3,0.9838195,0.10379597,0.9838195
915,REACTOME_SIGNALING_BY_FGFR3_FUSIONS_IN_CANCER,0.7366539,0.1833775,0.7366539
916,REACTOME_SIGNALING_BY_FGFR4,0.9838195,0.10379597,0.9838195
917,REACTOME_SIGNALING_BY_FGFR4_IN_DISEASE,0.69079316,0.20380124,0.69079316
918,REACTOME_SIGNALING_BY_FGFR_IN_DISEASE,2.8347278,0.0014630937,2.8347278
919,REACTOME_SIGNALING_BY_FLT3_FUSION_PROTEINS,0.5520306,0.2805236,0.5520306
920,REACTOME_SIGNALING_BY_FLT3_ITD_AND_TKD_MUTANTS,0.65030456,0.22371517,0.65030456
921,REACTOME_SIGNALING_BY_HIPPO,0.69079316,0.20380124,0.69079316
922,REACTOME_SIGNALING_BY_INSULIN_RECEPTOR,0.7207842,0.19020231,0.7207842
923,REACTOME_SIGNALING_BY_KIT_IN_DISEASE,1.332158,0.046541676,1.332158
925,REACTOME_SIGNALING_BY_MET,0.57804745,0.264212,0.57804745
926,REACTOME_SIGNALING_BY_MODERATE_KINASE_ACTIVITY_BRAF_MUTANTS,4.66281,2.1736516e-05,4.66281
927,REACTOME_SIGNALING_BY_MRAS_COMPLEX_MUTANTS,0.9247611,0.11891562,0.9247611
929,REACTOME_SIGNALING_BY_NOTCH1,0.5629871,0.273535,0.5629871
931,REACTOME_SIGNALING_BY_NOTCH1_PEST_DOMAIN_MUTANTS_IN_CANCER,0.26433328,0.54408497,0.26433328
932,REACTOME_SIGNALING_BY_NOTCH2,0.45609793,0.34986627,0.45609793
934,REACTOME_SIGNALING_BY_NOTCH4,17.319698,4.7896355e-18,17.319698
935,REACTOME_SIGNALING_BY_NTRK2_TRKB,1.1347517,0.07332436,1.1347517
936,REACTOME_SIGNALING_BY_NTRK3_TRKC,0.58159244,0.26206413,0.58159244
937,REACTOME_SIGNALING_BY_PDGF,0.36932832,0.42723978,0.36932832
938,REACTOME_SIGNALING_BY_PDGFRA_TRANSMEMBRANE_JUXTAMEMBRANE_AND_KINASE_DOMAIN_MUTANTS,0.65030456,0.22371517,0.65030456
939,REACTOME_SIGNALING_BY_PDGFR_IN_DISEASE,0.58159244,0.26206413,0.58159244
940,REACTOME_SIGNALING_BY_PTK6,1.5358372,0.029118085,1.5358372
941,REACTOME_SIGNALING_BY_RETINOIC_ACID,0.52502334,0.2985222,0.52502334
942,REACTOME_SIGNALING_BY_SCF_KIT,1.8303802,0.014778139,1.8303802
943,REACTOME_SIGNALING_BY_TGF_BETA_RECEPTOR_COMPLEX,1.6559315,0.02208353,1.6559315
944,REACTOME_SIGNALING_BY_TYPE_1_INSULIN_LIKE_GROWTH_FACTOR_1_RECEPTOR_IGF1R,0.4363606,0.36613345,0.4363606
945,REACTOME_SIGNALING_BY_WNT_IN_CANCER,1.1788671,0.06624192,1.1788671
946,REACTOME_SIGNALLING_TO_ERKS,1.1788671,0.06624192,1.1788671
947,REACTOME_SIGNALLING_TO_RAS,0.7366539,0.1833775,0.7366539
948,REACTOME_SIGNAL_AMPLIFICATION,1.1788671,0.06624192,1.1788671
950,REACTOME_SIGNAL_TRANSDUCTION_BY_L1,0.65030456,0.22371517,0.65030456
952,REACTOME_SLC_TRANSPORTER_DISORDERS,0.27378085,0.5323768,0.27378085
954,REACTOME_SMALL_INTERFERING_RNA_SIRNA_BIOGENESIS,1.8012038,0.01580506,1.8012038
955,REACTOME_SMOOTH_MUSCLE_CONTRACTION,0.52502334,0.2985222,0.52502334
956,REACTOME_SNRNP_ASSEMBLY,0.29409125,0.5080527,0.29409125
957,REACTOME_SODIUM_CALCIUM_EXCHANGERS,0.7366539,0.1833775,0.7366539
958,REACTOME_SOS_MEDIATED_SIGNALLING,0.85094035,0.14094824,0.85094035
959,REACTOME_SPHINGOLIPID_DE_NOVO_BIOSYNTHESIS,0.9838195,0.10379597,0.9838195
960,REACTOME_SPHINGOLIPID_METABOLISM,0.6808724,0.20851035,0.6808724
961,REACTOME_SPRY_REGULATION_OF_FGF_SIGNALING,0.58159244,0.26206413,0.58159244
962,REACTOME_STABILIZATION_OF_P53,17.814867,1.5315546e-18,17.814867
964,REACTOME_SULFUR_AMINO_ACID_METABOLISM,1.6094909,0.02457588,1.6094909
965,REACTOME_SUMOYLATION_OF_CHROMATIN_ORGANIZATION_PROTEINS,0.21578299,0.60843897,0.21578299
966,REACTOME_SUMOYLATION_OF_DNA_DAMAGE_RESPONSE_AND_REPAIR_PROTEINS,0.5076319,0.3107192,0.5076319
967,REACTOME_SUMOYLATION_OF_DNA_METHYLATION_PROTEINS,0.61415786,0.24313201,0.61415786
968,REACTOME_SUMOYLATION_OF_DNA_REPLICATION_PROTEINS,0.3286616,0.46917883,0.3286616
969,REACTOME_SUMOYLATION_OF_IMMUNE_RESPONSE_PROTEINS,2.2267337,0.0059328917,2.2267337
970,REACTOME_SUMOYLATION_OF_INTRACELLULAR_RECEPTORS,0.58159244,0.26206413,0.58159244
971,REACTOME_SUMOYLATION_OF_RNA_BINDING_PROTEINS,0.7872617,0.16320682,0.7872617
972,REACTOME_SUMOYLATION_OF_SUMOYLATION_PROTEINS,0.41794306,0.38199437,0.41794306
973,REACTOME_SUMOYLATION_OF_TRANSCRIPTION_COFACTORS,1.3808315,0.0416072,1.3808315
974,REACTOME_SUMOYLATION_OF_TRANSCRIPTION_FACTORS,0.58159244,0.26206413,0.58159244
975,REACTOME_SUMOYLATION_OF_UBIQUITINYLATION_PROTEINS,0.95126784,0.111874774,0.95126784
976,REACTOME_SUMO_IS_CONJUGATED_TO_E1_UBA2_SAE1,0.9247611,0.11891562,0.9247611
977,REACTOME_SUMO_IS_PROTEOLYTICALLY_PROCESSED,0.85094035,0.14094824,0.85094035
978,REACTOME_SUMO_IS_TRANSFERRED_FROM_E1_TO_E2_UBE2I_UBC9,0.7893312,0.16243096,0.7893312
979,REACTOME_SUPPRESSION_OF_PHAGOSOMAL_MATURATION,0.65030456,0.22371517,0.65030456
980,REACTOME_SWITCHING_OF_ORIGINS_TO_A_POST_REPLICATIVE_STATE,18.146612,7.134899e-19,18.146612
982,REACTOME_SYNDECAN_INTERACTIONS,0.69079316,0.20380124,0.69079316
983,REACTOME_SYNTHESIS_OF_ACTIVE_UBIQUITIN_ROLES_OF_E1_AND_E2_ENZYMES,0.95126784,0.111874774,0.95126784
988,REACTOME_SYNTHESIS_OF_IP3_AND_IP4_IN_THE_CYTOSOL,0.85094035,0.14094824,0.85094035
995,REACTOME_SYNTHESIS_OF_PIPS_AT_THE_PLASMA_MEMBRANE,0.95126784,0.111874774,0.95126784
998,REACTOME_SYNTHESIS_OF_SUBSTRATES_IN_N_GLYCAN_BIOSYTHESIS,0.7872617,0.16320682,0.7872617
999,REACTOME_SYNTHESIS_OF_VERY_LONG_CHAIN_FATTY_ACYL_COAS,0.7366539,0.1833775,0.7366539
1000,REACTOME_SYNTHESIS_SECRETION_AND_INACTIVATION_OF_GLUCAGON_LIKE_PEPTIDE_1_GLP_1,3.2972832,0.0005043323,3.2972832
1001,REACTOME_SYNTHESIS_SECRETION_AND_INACTIVATION_OF_GLUCOSE_DEPENDENT_INSULINOTROPIC_POLYPEPTIDE_GIP,3.8250585,0.0001496034,3.8250585
1002,REACTOME_TAK1_ACTIVATES_NFKB_BY_PHOSPHORYLATION_AND_ACTIVATION_OF_IKKS_COMPLEX,1.1347517,0.07332436,1.1347517
1003,REACTOME_TBC_RABGAPS,0.8911321,0.12848957,0.8911321
1004,REACTOME_TELOMERE_C_STRAND_LAGGING_STRAND_SYNTHESIS,0.47731784,0.33318248,0.47731784
1005,REACTOME_TELOMERE_C_STRAND_SYNTHESIS_INITIATION,0.7366539,0.1833775,0.7366539
1006,REACTOME_TELOMERE_EXTENSION_BY_TELOMERASE,0.61415786,0.24313201,0.61415786
1007,REACTOME_TELOMERE_MAINTENANCE,2.0508492,0.0088951,2.0508492
1009,REACTOME_TGF_BETA_RECEPTOR_SIGNALING_ACTIVATES_SMADS,2.7046988,0.0019737915,2.7046988
1012,REACTOME_THE_PHOTOTRANSDUCTION_CASCADE,0.9247611,0.11891562,0.9247611
1013,REACTOME_THE_ROLE_OF_GTSE1_IN_G2_M_PROGRESSION_AFTER_G2_CHECKPOINT,18.67156,2.1302976e-19,18.67156
1014,REACTOME_THE_ROLE_OF_NEF_IN_HIV_1_REPLICATION_AND_DISEASE_PATHOGENESIS,0.52502334,0.2985222,0.52502334
1015,REACTOME_THROMBIN_SIGNALLING_THROUGH_PROTEINASE_ACTIVATED_RECEPTORS_PARS,1.2770948,0.05283299,1.2770948
1016,REACTOME_THROMBOXANE_SIGNALLING_THROUGH_TP_RECEPTOR,1.3920043,0.040550455,1.3920043
1017,REACTOME_TICAM1_RIP1_MEDIATED_IKK_COMPLEX_RECRUITMENT,0.58159244,0.26206413,0.58159244
1019,REACTOME_TIE2_SIGNALING,0.65030456,0.22371517,0.65030456
1023,REACTOME_TOLL_LIKE_RECEPTOR_9_TLR9_CASCADE,2.0235612,0.009471936,2.0235612
1024,REACTOME_TP53_REGULATES_METABOLIC_GENES,5.2804174,5.2430332e-06,5.2804174
1026,REACTOME_TP53_REGULATES_TRANSCRIPTION_OF_CELL_CYCLE_GENES,0.31653327,0.482466,0.31653327
1027,REACTOME_TP53_REGULATES_TRANSCRIPTION_OF_CELL_DEATH_GENES,0.45609793,0.34986627,0.45609793
1028,REACTOME_TP53_REGULATES_TRANSCRIPTION_OF_DNA_REPAIR_GENES,4.0631886,8.645921e-05,4.0631886
1029,REACTOME_TP53_REGULATES_TRANSCRIPTION_OF_GENES_INVOLVED_IN_CYTOCHROME_C_RELEASE,0.61415786,0.24313201,0.61415786
1030,REACTOME_TP53_REGULATES_TRANSCRIPTION_OF_GENES_INVOLVED_IN_G1_CELL_CYCLE_ARREST,0.7893312,0.16243096,0.7893312
1035,REACTOME_TRAF6_MEDIATED_NF_KB_ACTIVATION,1.6094909,0.02457588,1.6094909
1038,REACTOME_TRANSCRIPTIONAL_ACTIVATION_OF_MITOCHONDRIAL_BIOGENESIS,1.4550161,0.035073888,1.4550161
1041,REACTOME_TRANSCRIPTIONAL_REGULATION_BY_MECP2,0.6439973,0.22698788,0.6439973
1042,REACTOME_TRANSCRIPTIONAL_REGULATION_BY_RUNX3,17.319698,4.7896355e-18,17.319698
1043,REACTOME_TRANSCRIPTIONAL_REGULATION_BY_SMALL_RNAS,1.4171526,0.038269024,1.4171526
1044,REACTOME_TRANSCRIPTIONAL_REGULATION_BY_THE_AP_2_TFAP2_FAMILY_OF_TRANSCRIPTION_FACTORS,1.1347517,0.07332436,1.1347517
1045,REACTOME_TRANSCRIPTIONAL_REGULATION_BY_VENTX,0.83674616,0.145631,0.83674616
1048,REACTOME_TRANSCRIPTIONAL_REGULATION_OF_WHITE_ADIPOCYTE_DIFFERENTIATION,1.0839992,0.08241397,1.0839992
1049,REACTOME_TRANSCRIPTION_COUPLED_NUCLEOTIDE_EXCISION_REPAIR_TC_NER,2.6546133,0.0022150662,2.6546133
1052,REACTOME_TRANSCRIPTION_OF_THE_HIV_GENOME,3.7510798,0.00017738636,3.7510798
1053,REACTOME_TRANSFERRIN_ENDOCYTOSIS_AND_RECYCLING,0.50021476,0.31607142,0.50021476
1055,REACTOME_TRANSLATION_OF_SARS_COV_1_STRUCTURAL_PROTEINS,0.47731784,0.33318248,0.47731784
1056,REACTOME_TRANSLATION_OF_SARS_COV_2_STRUCTURAL_PROTEINS,1.5790622,0.02635954,1.5790622
1057,REACTOME_TRANSLESION_SYNTHESIS_BY_POLH,0.52502334,0.2985222,0.52502334
1059,REACTOME_TRANSLESION_SYNTHESIS_BY_Y_FAMILY_DNA_POLYMERASES_BYPASSES_LESIONS_ON_DNA_TEMPLATE,0.38453624,0.4125378,0.38453624
1060,REACTOME_TRANSLOCATION_OF_SLC2A4_GLUT4_TO_THE_PLASMA_MEMBRANE,4.8605757,1.3785561e-05,4.8605757
1062,REACTOME_TRANSPORT_OF_CONNEXONS_TO_THE_PLASMA_MEMBRANE,1.9189485,0.012051786,1.9189485
1064,REACTOME_TRANSPORT_OF_MATURE_TRANSCRIPT_TO_CYTOPLASM,5.158415,6.9436055e-06,5.158415
1069,REACTOME_TRANS_GOLGI_NETWORK_VESICLE_BUDDING,1.5909102,0.025650144,1.5909102
1070,REACTOME_TRIGLYCERIDE_CATABOLISM,0.7366539,0.1833775,0.7366539
1071,REACTOME_TRIGLYCERIDE_METABOLISM,0.61415786,0.24313201,0.61415786
1072,REACTOME_TRISTETRAPROLIN_TTP_ZFP36_BINDS_AND_DESTABILIZES_MRNA,1.6094909,0.02457588,1.6094909
1073,REACTOME_TRNA_AMINOACYLATION,0.58159244,0.26206413,0.58159244
1074,REACTOME_TRNA_MODIFICATION_IN_THE_MITOCHONDRION,0.85094035,0.14094824,0.85094035
1075,REACTOME_TRNA_MODIFICATION_IN_THE_NUCLEUS_AND_CYTOSOL,0.38453624,0.4125378,0.38453624
1076,REACTOME_TRNA_PROCESSING_IN_THE_NUCLEUS,1.2801493,0.0524627,1.2801493
1077,REACTOME_TRYPTOPHAN_CATABOLISM,0.9247611,0.11891562,0.9247611
1080,REACTOME_UCH_PROTEINASES,18.62581,2.3669556e-19,18.62581
1081,REACTOME_UNBLOCKING_OF_NMDA_RECEPTORS_GLUTAMATE_BINDING_AND_ACTIVATION,0.61415786,0.24313201,0.61415786
1082,REACTOME_UNFOLDED_PROTEIN_RESPONSE_UPR,0.90808195,0.123571426,0.90808195
1083,REACTOME_UPTAKE_AND_ACTIONS_OF_BACTERIAL_TOXINS,1.2770948,0.05283299,1.2770948
1084,REACTOME_UPTAKE_AND_FUNCTION_OF_ANTHRAX_TOXINS,0.85094035,0.14094824,0.85094035
1085,REACTOME_VASOPRESSIN_REGULATES_RENAL_WATER_HOMEOSTASIS_VIA_AQUAPORINS,0.41794306,0.38199437,0.41794306
1086,REACTOME_VEGFR2_MEDIATED_CELL_PROLIFERATION,1.6094909,0.02457588,1.6094909
1087,REACTOME_VEGFR2_MEDIATED_VASCULAR_PERMEABILITY,1.0547158,0.088162564,1.0547158
1088,REACTOME_VIRAL_MESSENGER_RNA_SYNTHESIS,2.3090093,0.0049089734,2.3090093
1089,REACTOME_VISUAL_PHOTOTRANSDUCTION,1.2261717,0.05940572,1.2261717
1091,REACTOME_VLDLR_INTERNALISATION_AND_DEGRADATION,0.85094035,0.14094824,0.85094035
1093,REACTOME_VXPX_CARGO_TARGETING_TO_CILIUM,0.65030456,0.22371517,0.65030456
1094,REACTOME_WNT5A_DEPENDENT_INTERNALIZATION_OF_FZD2_FZD5_AND_ROR2,0.7893312,0.16243096,0.7893312
1095,REACTOME_WNT5A_DEPENDENT_INTERNALIZATION_OF_FZD4,0.7366539,0.1833775,0.7366539
1096,REACTOME_WNT_LIGAND_BIOGENESIS_AND_TRAFFICKING,0.7366539,0.1833775,0.7366539
1097,REACTOME_ZBP1_DAI_MEDIATED_INDUCTION_OF_TYPE_I_IFNS,1.9189485,0.012051786,1.9189485
